Date,OPEN,HIGH,LOW,LAST,VOLUME
2/1/2008,27632.2,27853.6,27299.45,27560.52,1232142976
3/1/2008,27050.03,27223.71,26864.13,26887.28,2442743808
4/1/2008,27004.34,27596.86,26994.85,27519.69,2375522304
7/1/2008,26962.54,27186.07,26698.54,27179.49,2452932096
8/1/2008,27466.96,27637.6,27088.7,27112.9,2492360960
9/1/2008,26847.49,27625.83,26757.03,27615.85,2714684928
10/1/2008,27426.42,27596.5,27115.82,27230.86,2704613888
11/1/2008,27435.51,27593.7,26725.95,26867.01,2950312448
14/1/2008,27019.13,27142.88,26464.64,26468.13,2050189952
15/1/2008,26728.93,26800.52,25823.5,25837.78,2333391360
16/1/2008,25131.11,25131.11,24320.03,24450.85,4294639616
17/1/2008,24705.08,25381.91,23957.61,25114.98,3535112704
18/1/2008,24247.17,25378.24,24134.25,25201.87,3155112704
21/1/2008,24459.02,24650.28,23770.13,23818.86,3252136192
22/1/2008,22624.29,22713.69,21709.63,21757.63,5979656192
23/1/2008,23359.2,24239.98,22647.28,24090.17,5350497280
24/1/2008,24396.85,24966.17,23478.87,23539.27,4254019072
25/1/2008,24801.46,25243.58,24483.93,25122.37,3929030912
28/1/2008,24342.39,24384.27,23586.52,24053.61,3088035840
29/1/2008,24640.1,24736.8,24229.14,24291.8,1953154816
30/1/2008,24605.15,24631.59,23586.37,23653.69,2550839552
31/1/2008,23789.72,23887.17,23052.95,23455.74,2460015104
1/2/2008,23791.92,24238.3,23322.05,24123.58,3429329920
4/2/2008,24885.07,25101.41,24728.5,25032.08,3259179264
5/2/2008,24710.1,24961.98,24504.53,24808.7,1704108928
6/2/2008,23458.15,23592.31,23283.97,23469.46,2714642944
11/2/2008,23404.74,23404.74,22569.53,22616.11,2369935872
12/2/2008,22953.78,23146.44,22891.22,22921.67,1584831360
13/2/2008,23330.09,23534.49,22938.05,23169.55,2066015744
14/2/2008,23893.51,24140.29,23756.45,24021.68,2799158784
15/2/2008,23511.47,24208.51,23446.37,24148.43,1920019456
18/2/2008,24344.27,24413.89,23735.87,23759.25,1666302208
19/2/2008,24040.66,24402.64,24025.05,24123.17,2524465408
20/2/2008,24265.32,24265.32,23481.06,23590.58,2652384768
21/2/2008,23957.64,24003.6,23500.95,23623,1680737152
22/2/2008,23233.9,23420.35,23077.51,23305.04,1760169344
25/2/2008,23546.1,23552.99,23164.97,23269.14,1323817216
26/2/2008,23564.77,23762.4,23395.26,23714.75,1621023360
27/2/2008,24161.19,24610.41,24111.6,24483.84,3009478656
28/2/2008,24373.9,24841.23,24205.01,24591.69,2194424320
29/2/2008,24226.83,24370.69,24010.48,24331.67,1997874688
3/3/2008,23491.57,23738.67,23458.95,23584.97,2409038848
4/3/2008,23858.04,23923.2,23060.9,23119.87,2208747776
5/3/2008,23066.64,23268.45,22873.31,23114.34,1977023488
6/3/2008,23360.68,23615.18,23254.31,23342.73,1691913472
7/3/2008,22694.23,22836.76,22447.84,22501.33,2764171776
10/3/2008,22387.25,22725.21,22034.76,22705.05,2510419712
11/3/2008,22634.71,22995.35,22263.36,22995.35,2261189120
12/3/2008,23737.65,23737.65,23139.4,23422.76,2637049600
13/3/2008,22925.42,23007.61,22251.24,22301.64,2546541056
14/3/2008,22536.12,22747.14,22151.51,22237.11,2340163840
17/3/2008,21318.03,21473.4,21041.26,21084.61,3369501952
18/3/2008,21444.61,21467.18,20572.92,21384.61,3676795392
19/3/2008,22191.88,22191.88,21779.84,21866.94,2951784192
20/3/2008,21173.3,21471.67,20896.14,21108.22,2784758784
25/3/2008,21841.78,22529.8,21691.55,22464.52,3281174272
26/3/2008,22581.75,22811.35,22428.43,22617.01,2754525440
27/3/2008,22312.57,22758.94,22205.2,22664.22,2271872000
28/3/2008,22750.31,23313.88,22721.22,23285.95,3177623040
31/3/2008,22997.04,23077.84,22700.84,22849.2,1816951040
1/4/2008,23084.93,23305.71,22700.5,23137.46,2122779648
2/4/2008,24133.77,24195.32,23858.89,23872.43,3980921856
3/4/2008,23947.55,24334.19,23937.31,24264.63,2489105920
7/4/2008,24484.83,24642.02,24269.55,24578.76,2084002176
8/4/2008,24507.07,24557.43,24212.6,24311.69,1980417152
9/4/2008,24293.42,24492.03,23921.15,23984.57,2280680960
10/4/2008,24101.41,24214.57,23905.58,24187.1,2034503040
11/4/2008,24442.27,24681.46,24322.11,24667.79,2777530624
14/4/2008,23968.04,24070.26,23753.04,23811.2,2289905920
15/4/2008,23950.4,24043.89,23613.49,23901.33,1951864832
16/4/2008,24075.68,24194.18,23749.68,23878.35,1510818304
17/4/2008,24369.86,24442.07,24150.51,24258.96,1972002176
18/4/2008,24234.53,24400.87,24107.24,24197.78,2314052352
21/4/2008,24821,24887.11,24668.28,24721.67,2069827328
22/4/2008,24460.64,24965.74,24413.25,24939.15,2474617088
23/4/2008,25000.49,25361.29,24919.73,25289.24,2661193472
24/4/2008,25776.29,25861.68,25603.57,25680.78,3261434880
25/4/2008,25852.97,25852.97,25437.82,25516.78,2047835264
28/4/2008,25613.17,25717.43,25567.59,25666.29,2082946304
29/4/2008,25661.96,26038.58,25633.47,25914.15,2901800704
30/4/2008,25998.27,26066.5,25731.64,25755.35,2282480384
2/5/2008,26324.97,26374.09,26173.82,26241.02,2749028096
5/5/2008,26321.61,26387.37,26118.61,26183.95,1900574464
6/5/2008,26084.61,26314.99,26072.62,26262.13,1696804096
7/5/2008,26377.99,26377.99,25471.19,25610.21,2539309312
8/5/2008,25442.52,25616.95,25353.51,25449.79,1846277632
9/5/2008,25401.91,25483.76,24911.33,25063.17,2068025472
13/5/2008,25190.18,25601.55,25032.17,25552.77,2460693248
14/5/2008,25461.37,25546.78,25108.06,25533.48,1855836928
15/5/2008,25719.02,25736.56,25208.22,25513.71,2136959872
16/5/2008,25665.64,25748.33,25533.6,25618.86,2457737216
19/5/2008,25592.21,25822,25592.21,25742.23,1587602560
20/5/2008,25692.27,25702.87,25042.09,25169.46,2068788864
21/5/2008,24828.04,25498.09,24820.17,25460.29,2106344832
22/5/2008,24984.28,25057.54,24700.49,25043.12,2061192832
23/5/2008,25085.35,25128.44,24693.55,24714.07,1574829568
26/5/2008,24234.35,24331.69,24100.31,24127.31,1780722176
27/5/2008,24239.05,24441.07,24221.28,24282.04,1144928256
28/5/2008,24209.03,24338.68,24178.71,24249.51,1445198720
29/5/2008,24542.1,24542.1,24222.05,24383.99,1779312512
30/5/2008,24448.37,24585.78,24289.85,24533.12,2117153024
2/6/2008,24542.29,24923.28,24453.79,24831.36,1826960768
3/6/2008,24556.18,24590.6,24254.93,24375.76,2556822784
4/6/2008,24327.72,24462.58,24123.25,24123.25,1965733248
5/6/2008,24150.53,24321.66,24003.98,24255.29,1718557952
6/6/2008,24505.6,24524.59,24392.82,24402.18,1723142784
10/6/2008,23689.16,23741.09,23343.19,23375.52,2721477376
11/6/2008,23288.96,23486.17,23178.02,23327.6,1655617152
12/6/2008,22820.89,23023.86,22695.1,23023.86,2122609280
13/6/2008,22920.77,22984.09,22592.3,22592.3,1499591296
16/6/2008,22814.17,23232.99,22814.17,23029.69,1493182976
17/6/2008,23008.08,23128.58,22872.33,23057.99,1172435840
18/6/2008,23114.45,23492.21,22946.96,23325.8,2194547456
19/6/2008,22849.36,22999.67,22733.78,22797.61,1847304704
20/6/2008,22817.99,23411.63,22745.6,22745.6,2389576704
23/6/2008,22407.09,22830.43,22384.58,22714.96,1772604288
24/6/2008,22697.26,22731.49,22456.02,22456.02,1738774656
25/6/2008,22745.17,22827.56,22567.93,22635.16,1404587008
26/6/2008,22742.54,22885.35,22441.47,22455.67,1858470272
27/6/2008,21901.27,22201.47,21773.67,22042.35,2215868928
30/6/2008,22237.92,22237.92,21997.69,22102.01,1489375872
2/7/2008,21785.39,21938.2,21555.53,21704.45,2548582656
3/7/2008,21389.49,21742.07,21163.57,21242.78,2725284864
4/7/2008,21402.17,21534.05,21344.85,21423.82,1796344192
7/7/2008,21402.7,21916.21,21402.7,21913.06,1964579200
8/7/2008,21632.7,21684.21,21098.84,21220.81,2015196928
9/7/2008,21740.86,21954.17,21531.97,21805.81,2691241472
10/7/2008,21562.07,22020.66,21498.87,21821.78,2512108544
11/7/2008,21834.64,22225.38,21761.04,22184.55,2163732480
14/7/2008,22205,22360.29,21871.6,22014.46,1494919552
15/7/2008,21644.04,21644.04,21077.24,21174.77,2140147968
16/7/2008,20988.74,21334.38,20988.74,21223.5,1784065280
17/7/2008,21825.24,21892.53,21672.27,21734.72,2289947648
18/7/2008,22010.94,22010.94,21677.15,21874.19,1842076288
21/7/2008,22523.28,22645.52,22455.01,22532.9,2571576832
22/7/2008,22430.59,22690.74,22393.14,22527.48,1505886592
23/7/2008,22900.77,23134.55,22871.04,23134.55,2586745600
24/7/2008,23330.89,23369.05,23062.62,23087.72,2589708800
25/7/2008,22751.51,22843.2,22542.08,22740.71,1917652608
28/7/2008,22801.85,22862.03,22619.23,22687.21,1081764480
29/7/2008,22265.93,22265.93,22089.09,22258,1403232768
30/7/2008,22637.33,22751.04,22573.18,22690.6,1968748032
31/7/2008,22878.76,22878.76,22695.73,22731.1,1572662144
1/8/2008,22497.9,22881.27,22207.31,22862.6,1800206080
4/8/2008,22630.59,22713.58,22425.13,22514.92,1293079168
5/8/2008,22225.06,22225.06,21739.22,21949.75,1946666112
7/8/2008,22403.26,22424.54,21915.28,22104.2,2172200704
8/8/2008,21997.64,22230.55,21690.6,21885.21,1737934720
11/8/2008,22020.54,22235.51,21859.34,21859.34,1549134208
12/8/2008,21992.18,22309.33,21640.89,21640.89,1868403584
13/8/2008,21270.86,21665.75,21223.38,21293.32,3083083776
14/8/2008,21302.7,21453.48,21109.01,21392.71,2250392832
15/8/2008,21383.71,21383.71,20994.54,21160.58,1450461312
18/8/2008,21163.01,21206.6,20751.14,20930.67,1318434048
19/8/2008,20675.75,20902.51,20484.37,20484.37,1387873536
20/8/2008,20388.79,20971.19,20388.79,20931.26,1838994432
21/8/2008,20762.65,20762.65,20350.48,20392.06,1711519360
25/8/2008,20739.48,21108.25,20739.48,21104.79,1915426304
26/8/2008,20849.08,21173.56,20785.8,21056.66,1382900736
27/8/2008,21104.56,21464.72,21104.56,21464.72,1945726208
28/8/2008,21546.94,21546.94,20857.03,20972.29,2187599104
29/8/2008,21289.7,21474.31,21223.99,21261.89,2047897216
1/9/2008,20999.32,21031.08,20844.15,20906.31,1213874688
2/9/2008,20956.94,21066.58,20595.59,21042.46,1618410496
3/9/2008,20964.75,20964.75,20526.73,20585.06,1666102272
4/9/2008,20545.38,20621.48,20356.51,20389.48,1561120640
5/9/2008,19833.87,19987.15,19708.39,19933.28,2582614528
8/9/2008,20840.69,20840.69,20637.99,20794.27,3035311104
9/9/2008,20439.47,20543.15,20299.97,20491.11,1942634240
10/9/2008,20114.86,20283.99,19951.36,19999.78,2697584128
11/9/2008,19854.82,19854.82,19220.28,19388.72,2913054720
12/9/2008,19432.72,19525.55,19157.73,19352.9,2445765120
16/9/2008,18325.65,18538.51,18019.2,18300.61,5213601280
17/9/2008,18691.3,18699.18,17637.19,17637.19,4390107136
18/9/2008,17120.23,17849.97,16283.72,17632.46,6237659136
19/9/2008,18878.26,19327.73,18588.11,19327.73,6690248704
22/9/2008,19869.02,19869.02,19137.67,19632.2,3731644672
23/9/2008,19178.49,19302.76,18872.85,18872.85,2546635776
24/9/2008,18954.32,19291.02,18862.9,18961.99,2084467968
25/9/2008,19003.22,19248.72,18870.11,18934.43,1682466432
26/9/2008,18909.59,18936.94,18500.11,18682.09,1895439488
29/9/2008,18742.25,18742.25,17796.34,17880.68,2578483712
30/9/2008,16898.33,18029.77,16799.29,18016.21,3226857216
2/10/2008,17870.43,18285.68,17631.7,18211.11,2476190464
3/10/2008,17788.99,17926.14,17682.4,17682.4,2074882944
6/10/2008,17156.21,17241.78,16790.86,16803.76,2234392320
8/10/2008,16107.98,16422.52,15431.73,15431.73,4925746688
9/10/2008,15598.24,15990.2,15550.86,15943.24,3388923392
10/10/2008,14717.52,14910.55,14398.54,14796.87,4705158144
13/10/2008,15156.16,16376.42,14754.64,16312.16,4305063424
14/10/2008,17141.05,17141.05,16615.01,16832.88,4018110720
15/10/2008,16609.09,16609.09,15961.92,15998.3,2561710336
16/10/2008,14902.34,15230.52,14578.54,15230.52,4412590592
17/10/2008,15081.46,15300.07,14554.21,14554.21,3950754560
20/10/2008,14691.9,15472.68,14691.79,15323.01,3013349120
21/10/2008,15616.96,15616.96,14884.07,15041.17,2354328832
22/10/2008,14878.21,15161.69,14038.41,14266.6,3102115840
23/10/2008,13596.31,14032.25,13403.35,13760.49,3545922816
24/10/2008,13478.63,13478.63,12618.38,12618.38,3538915584
27/10/2008,12372.75,12736.85,10676.29,11015.84,4834423296
28/10/2008,11154.57,12596.29,11133.94,12596.29,5810940416
29/10/2008,12807.35,13307.42,12333.94,12702.07,4183641344
30/10/2008,13280.44,14329.85,13280.44,14329.85,5338289664
31/10/2008,14037.37,14122.78,13517.42,13968.67,3531208960
3/11/2008,14436.03,14889.13,14272.17,14344.37,2971271168
4/11/2008,14337.62,14539.59,13853.16,14384.34,2387901696
5/11/2008,15045.53,15317.83,14750.04,14840.16,3458872832
6/11/2008,14081.76,14081.76,13674.07,13790.04,2739083776
7/11/2008,13273.09,14254.22,13273.09,14243.43,2750325248
10/11/2008,15033.18,15147.96,14453.62,14744.63,2801049856
11/11/2008,14322.95,14853.83,13926.71,14040.9,2453779200
12/11/2008,14155.26,14256.06,13626.31,13939.09,2071500032
13/11/2008,13068.93,13373.11,12943.11,13221.35,2813729792
14/11/2008,13749.53,13749.53,13493.86,13542.66,2182739200
17/11/2008,13584.35,13738.12,13277.64,13529.53,1604626688
18/11/2008,13298.88,13363.57,12676.28,12915.89,2489004544
19/11/2008,12827.37,13179.33,12738.53,12815.8,2060798336
20/11/2008,12170.98,12298.56,11976.88,12298.56,3096103168
21/11/2008,11814.81,13048.5,11814.81,12659.2,3106043392
24/11/2008,12239.49,12707.23,12239.49,12457.94,1769147264
25/11/2008,13012,13090.88,12767.44,12878.6,2466291968
26/11/2008,12990.35,13369.45,12990.35,13369.45,2394587392
27/11/2008,13901.45,13930.91,13332.93,13552.06,2776072192
28/11/2008,13550.29,13896.49,13550.29,13888.24,2150281472
1/12/2008,13775.28,14253.66,13659.44,14108.84,2041643520
2/12/2008,13373.02,13513.5,13344.6,13405.85,1961207808
3/12/2008,13598.6,13778.05,13573.43,13588.66,1811385216
4/12/2008,13857.29,13883.87,13459.61,13509.78,1862633728
5/12/2008,13718.92,13875.14,13656.92,13846.09,1750565888
8/12/2008,14303.25,15044.87,14303.25,15044.87,3219421184
9/12/2008,15032.33,15205.32,14717.47,14753.22,2440344320
10/12/2008,14946,15578.96,14946,15577.74,2684204032
11/12/2008,15533.62,15781.05,15337.73,15613.9,2477378560
12/12/2008,15287.7,15393.09,14479.23,14758.39,2916320768
15/12/2008,15363.49,15386.9,15007.42,15046.95,2021422080
16/12/2008,15018.46,15217.25,14819.73,15130.21,1661605248
17/12/2008,15544.97,15557.45,15179.38,15460.52,2180481536
18/12/2008,15335.3,15548.26,15301.16,15497.81,1883006336
19/12/2008,15235.22,15444.28,15014.98,15127.51,2420226816
22/12/2008,15177.12,15227.43,14622.39,14622.39,1413014272
23/12/2008,14472.03,14491.75,14084.86,14220.79,1494154624
24/12/2008,13855.89,14300.7,13855.89,14184.14,865498752
29/12/2008,14080.86,14332.02,13924.32,14328.48,1046621568
30/12/2008,14476.74,14513.48,14189.08,14235.5,1441715712
31/12/2008,14377.51,14527.1,14302.15,14387.48,1612195456
2/1/2009,14448.22,15042.81,14412.12,15042.81,1752401792
5/1/2009,15349.33,15563.31,15128.32,15563.31,2172620800
6/1/2009,15612.47,15651.61,15367.93,15509.51,2484472320
7/1/2009,15759.53,15763.55,14976.74,14987.46,9799119872
8/1/2009,14755.81,14755.81,14334.15,14415.91,4374435840
9/1/2009,14530.83,14673.6,14297.41,14377.44,3332496384
12/1/2009,14312.26,14312.26,13895.04,13971,4111599616
13/1/2009,13930.27,14118.93,13644.54,13668.05,3480885504
14/1/2009,13807.03,14019.03,13674.96,13704.61,15376688128
15/1/2009,13136.23,13300.75,12904.05,13242.96,4146203904
16/1/2009,13278.97,13423.24,13113.45,13255.51,3467109888
19/1/2009,13414.09,13519.18,13097.5,13339.99,2194428928
20/1/2009,12854.4,13160.87,12816.25,12959.77,2521573888
21/1/2009,12534.6,12762.54,12439.13,12583.63,3303948032
22/1/2009,12844.37,12895.25,12657.1,12657.99,1878278656
23/1/2009,12542.01,12734.8,12469.84,12578.6,2198158080
29/1/2009,13560.07,13560.07,13109.27,13154.43,2662270208
30/1/2009,12958.08,13390.12,12899.57,13278.21,3689336832
2/2/2009,13194,13239.5,12733.35,12861.49,2005489920
3/2/2009,12991.49,13065.97,12729.04,12776.89,1562248832
4/2/2009,13029.42,13108.74,12975.3,13063.89,2070871040
5/2/2009,13084.79,13492.53,13018.64,13178.9,3384982272
6/2/2009,13535.76,13660.24,13322.62,13655.04,2428156928
9/2/2009,13865.59,13865.59,13561.54,13769.06,2692955648
10/2/2009,13787.12,13976.31,13663.41,13880.64,1957900544
11/2/2009,13546.14,13600.02,13363.06,13539.21,1808347136
12/2/2009,13439.58,13478.66,13174.01,13228.3,1755975552
13/2/2009,13314.81,13576.32,13314.02,13554.67,1546686848
16/2/2009,13559.82,13559.82,13257.35,13455.88,1357585792
17/2/2009,13195.51,13195.51,12933.91,12945.4,2353246464
18/2/2009,12783.79,13031.28,12712.33,13016,2274484480
19/2/2009,12873.1,13055.72,12788.08,13023.36,1587147136
20/2/2009,12719.14,12816.79,12669.57,12699.17,2053331712
23/2/2009,12777.96,13207.98,12777.96,13175.1,1931112192
24/2/2009,12789.29,12814.37,12634.84,12798.52,2134846592
25/2/2009,12979.86,13148.31,12858.28,13005.08,1779065472
26/2/2009,13070.41,13071.58,12691.96,12894.94,1974608384
27/2/2009,12929.99,13032.3,12799.81,12811.57,2698380800
2/3/2009,12522.61,12576.45,12296.86,12317.46,2194792960
3/3/2009,11967.07,12192.35,11849.17,12033.88,2342796800
4/3/2009,11880.17,12423.69,11880.17,12331.15,2882809600
5/3/2009,12488.33,12488.33,12163.55,12211.24,2667965952
6/3/2009,12041.82,12146.16,11921.52,11921.52,4178094336
9/3/2009,11872.46,11927.89,11344.58,11344.58,2071525376
10/3/2009,11542.88,11747.11,11542.88,11694.05,1845681280
11/3/2009,12228.22,12228.22,11904.61,11930.66,2685849856
12/3/2009,11905.47,12040.84,11848.5,12001.53,1457479808
13/3/2009,12395.18,12525.8,12303.7,12525.8,2857842944
16/3/2009,12657.87,12976.71,12615.45,12976.71,2779294976
17/3/2009,12948.85,13226.31,12854.05,12878.09,2896963584
18/3/2009,13052.95,13167.2,13020.8,13117.17,1768493824
19/3/2009,13205.17,13205.17,12947.9,13130.92,2040964608
20/3/2009,13157.9,13157.9,12797.1,12833.51,2073348224
23/3/2009,13001.55,13451.02,13001.55,13447.42,2679863808
24/3/2009,13773.17,13952.98,13538.16,13910.34,2913007104
25/3/2009,13754.77,13892.88,13567.45,13622.11,3186137856
26/3/2009,13821.28,14132.09,13819.1,14108.98,4821728256
27/3/2009,14257.56,14257.56,13955.66,14119.5,3396915200
30/3/2009,13893.15,13893.15,13413.48,13456.33,2885519616
31/3/2009,13545.36,13696.69,13428.31,13576.02,2854888704
1/4/2009,13746.18,13788.41,13411.79,13519.54,2753372416
2/4/2009,13963.34,14533.34,13953.56,14521.97,3402815744
3/4/2009,14547.52,14644.82,14392.19,14545.69,3078651136
6/4/2009,14920.84,15147.06,14778.51,14998.04,2555280640
7/4/2009,14922.09,14994.76,14743.71,14928.97,2558886144
8/4/2009,14715.7,14715.7,14276.35,14474.86,2944789248
9/4/2009,14677.85,14987.41,14656.16,14901.41,2609340160
14/4/2009,15302.14,15596.34,15140.39,15580.16,3643046656
15/4/2009,15344.59,15669.85,15213.39,15669.62,2529450240
16/4/2009,15928.82,15977.13,15517.39,15582.99,2684955904
17/4/2009,15956.46,15956.46,15541.31,15601.27,3095787008
20/4/2009,15574.32,15878.4,15382.96,15750.91,2565993984
21/4/2009,15065.59,15332.27,15065.59,15285.89,2426811136
22/4/2009,15328.83,15396.28,14830.59,14878.45,3069840640
23/4/2009,14958.24,15222.2,14867.59,15214.46,2008293504
24/4/2009,15217.37,15367.48,15062.29,15258.85,1792018432
27/4/2009,15160.69,15160.69,14798.9,14840.42,2331661056
28/4/2009,15057.25,15078.63,14457.99,14555.11,2818524928
29/4/2009,14767.92,14983.66,14714.51,14956.95,2413729792
30/4/2009,15369.11,15587.29,15204.1,15520.99,2932896768
4/5/2009,15869.28,16387.12,15855.24,16381.05,3324975616
5/5/2009,16572,16580.54,16295.86,16430.08,2520504064
6/5/2009,16348.76,16885.92,16268.03,16834.57,3042115328
7/5/2009,17278.31,17327.52,16880.6,17217.89,4411458048
8/5/2009,17149.31,17442.96,16970.2,17389.87,3886270464
11/5/2009,17381,17685.64,17032.44,17087.95,3722382848
12/5/2009,16996.21,17239.65,16908.06,17153.64,4029461760
13/5/2009,17097.82,17372.15,17014.86,17059.62,20433285120
14/5/2009,16630.33,16630.33,16422.28,16541.69,2962198528
15/5/2009,16818.81,16953.41,16736.18,16790.7,1984981888
18/5/2009,16468.71,17062.49,16334.36,17022.91,2397278208
19/5/2009,17454.23,17588.93,17376.43,17544.03,2813044224
20/5/2009,17486.39,17611,17362.37,17475.84,2308513024
21/5/2009,17291.44,17415.26,17172.64,17199.49,1538977280
22/5/2009,17169.57,17299.26,16740.27,17062.52,1938446720
25/5/2009,16999.05,17264.42,16789,17121.82,1950193792
26/5/2009,17050.34,17283.89,16977.71,16991.56,2052219392
27/5/2009,17395.61,17984.02,17347.89,17885.27,4564272128
29/5/2009,18027.93,18227.79,17833.74,18171,4358553088
1/6/2009,18499.92,18895.8,18415.41,18888.59,4124671232
2/6/2009,18916.61,18916.61,18300.62,18389.08,3931136512
3/6/2009,18616.94,18967.39,18508.3,18576.47,3094560768
4/6/2009,18417.9,18522.39,18108.8,18502.77,2683257600
5/6/2009,18674.48,18722.49,18406.86,18679.53,2501280256
8/6/2009,18521.79,18636.15,18236.05,18253.39,1987375104
9/6/2009,18450.64,18475.51,17710.45,18058.49,2174882816
10/6/2009,18339.91,18789.85,18258.16,18785.66,4432226304
11/6/2009,18578.89,18883.24,18564.87,18791.03,3641989120
12/6/2009,19034.79,19161.97,18707.19,18889.68,3599443712
15/6/2009,18712.06,18872.74,18433.3,18498.96,2357620224
16/6/2009,18235.97,18314.96,17859.74,18165.5,2924104448
17/6/2009,17984.83,18255.13,17833.77,18084.6,2914147840
18/6/2009,17955.68,18069.76,17655.82,17776.66,2355698944
19/6/2009,17936.33,18015.11,17759.86,17920.93,3085692928
22/6/2009,17906.39,18398.92,17906.39,18059.55,2592021760
23/6/2009,17577.73,17682.87,17375.96,17538.37,2865900800
24/6/2009,17583.35,17912.07,17484.06,17892.15,2222041856
25/6/2009,18140.16,18340.91,18069.37,18275.03,2319823104
26/6/2009,18408.37,18688.11,18360.71,18600.26,2258491136
29/6/2009,18561.11,18687.36,18451.76,18528.51,1634699008
30/6/2009,18883.24,18883.24,18364.81,18378.73,2417089536
2/7/2009,18780.96,18780.96,18053.1,18178.05,2287380736
3/7/2009,17961.18,18234.24,17894.81,18203.4,1540802688
6/7/2009,18020.1,18258.26,17897.68,17979.41,1780126976
7/7/2009,17943.49,18159.99,17821.71,17862.27,1497758208
8/7/2009,17652.98,17819.31,17493.62,17721.07,2001905024
9/7/2009,17793.61,17836.95,17509.28,17790.59,2156977920
10/7/2009,17800.05,17851.22,17645.55,17708.42,1605581568
13/7/2009,17612.45,17612.45,17185.96,17254.63,2006182656
14/7/2009,17631.67,17896.36,17581.43,17885.73,1845729408
15/7/2009,18042.59,18289,18030.1,18258.66,1762560000
16/7/2009,18688.87,18700.6,18303.58,18361.87,1949801984
17/7/2009,18551.91,18855.86,18457.42,18805.66,2505065216
20/7/2009,19005.19,19506.42,18960.54,19502.37,2442707968
21/7/2009,19601.86,19601.86,19295.23,19501.73,1844253440
22/7/2009,19560.42,19641.75,19224.05,19248.17,2064229888
23/7/2009,19431.92,19824.18,19415.37,19817.7,2305716480
24/7/2009,20063.93,20063.93,19715.15,19982.79,2234934784
27/7/2009,20170.73,20385.69,20096.17,20251.62,2201469696
28/7/2009,20261.94,20664.48,20109.55,20624.54,2356169984
29/7/2009,20404.51,20542.61,19787.48,20135.5,2523090432
30/7/2009,20150.26,20359.79,19955.32,20234.08,1990153344
31/7/2009,20546.07,20712.66,20474.05,20573.33,1930548352
3/8/2009,20582.68,20816.61,20449.19,20807.26,1928430592
4/8/2009,21196.75,21196.75,20748.61,20796.43,2573901312
5/8/2009,20779.77,20995.81,20436.65,20494.77,2263931392
6/8/2009,20484.34,20904.93,20339.87,20899.24,2427897856
7/8/2009,20708.12,20759.56,20316.78,20375.37,2809797632
10/8/2009,20758.52,21010.47,20730.41,20929.52,2169074688
11/8/2009,20774.97,21088.07,20733.34,21074.21,1627757824
12/8/2009,20725.9,20725.9,20417.76,20435.24,2251774976
13/8/2009,20767.86,20943.86,20746.92,20861.3,1934519808
14/8/2009,21023.96,21037.17,20639.56,20893.33,1744617472
17/8/2009,20467.3,20471.77,20058.1,20137.65,2556880128
18/8/2009,20125.55,20409.19,19916.28,20306.27,2038144128
19/8/2009,20195.09,20352.94,19824.86,19954.23,2101215872
20/8/2009,20282.72,20465.22,20196.33,20328.86,1799799680
21/8/2009,20288.56,20439.42,20002.78,20199.02,1665136512
24/8/2009,20649.96,20649.96,20433.61,20535.94,1935030400
25/8/2009,20246.79,20476.25,20143.51,20435.24,1531430144
26/8/2009,20542.76,20576.6,20401.74,20456.32,1435011584
27/8/2009,20289.34,20364.4,20147.34,20242.75,1672622976
28/8/2009,20409.13,20409.13,20004.7,20098.62,1764731264
31/8/2009,19827.13,19827.13,19592.07,19724.19,2268140032
1/9/2009,19961.74,19961.74,19734.27,19872.3,1403811328
2/9/2009,19560.27,19611.07,19425.86,19522,1666625920
3/9/2009,19526.89,19823.03,19526.89,19761.68,1580087936
4/9/2009,19830.02,20413.61,19744.45,20318.62,3108457216
7/9/2009,20502.85,20667.58,20446.16,20629.31,2267315200
8/9/2009,20617.4,21133.71,20617.4,21069.81,2797284096
9/9/2009,21085.09,21085.09,20825.16,20851.04,1540920960
10/9/2009,21131.08,21322.55,21020.92,21069.56,2224480768
11/9/2009,21122.31,21306.11,20980.15,21161.42,1773975808
14/9/2009,20841.51,21045,20821.59,20932.2,1253310976
15/9/2009,21049.22,21049.22,20819.93,20866.37,713488448
16/9/2009,21086.75,21403.13,20950.38,21402.92,2263703552
17/9/2009,21674.71,21929.79,21636.52,21768.51,2512407552
18/9/2009,21640.97,21765.98,21515.93,21623.45,2002593664
21/9/2009,21574.94,21730.71,21457.35,21472.85,1525122688
22/9/2009,21556.69,21704.14,21491.69,21701.14,1130706048
23/9/2009,21655.62,21742.39,21524.33,21595.52,1171918464
24/9/2009,21386.47,21399.23,20963.37,21050.73,2069933824
25/9/2009,20810.81,21065.73,20766.46,21024.4,1265650944
28/9/2009,20798.52,20829.51,20534.82,20588.41,1258607232
29/9/2009,20889.81,21087.25,20889.81,21013.17,1303147904
30/9/2009,20981.13,21090.49,20792.98,20955.25,1120802560
2/10/2009,20380.23,20470.92,20323.59,20375.49,1855212928
5/10/2009,20342.58,20489.95,20305.06,20429.07,1232002944
6/10/2009,20509.64,20824.13,20509.64,20811.53,1441085056
7/10/2009,21074.98,21343.75,21072.59,21241.59,2029142400
8/10/2009,21418.27,21524.05,21284.42,21492.9,1407628160
9/10/2009,21572.7,21572.7,21421.77,21499.44,1390745216
12/10/2009,21623.33,21623.33,21262.71,21299.35,1010812160
13/10/2009,21371.82,21679.15,21371.82,21467.36,1821994496
14/10/2009,21564.33,21893.42,21562.66,21886.48,2012519936
15/10/2009,22209.19,22250.35,21971.48,21999.08,2154508032
16/10/2009,22138.06,22143.01,21899.17,21929.9,2142512512
19/10/2009,21761.83,22250.23,21761.83,22200.46,1527458560
20/10/2009,22260.41,22451.62,22260.41,22384.96,1846967040
21/10/2009,22299.65,22407.14,22200.64,22318.11,1399452800
22/10/2009,22237.37,22266.74,22002.79,22210.52,1706795008
23/10/2009,22438.9,22620.01,22407.4,22589.73,2119026816
27/10/2009,22016.79,22277.06,22016.79,22169.59,1680305792
28/10/2009,22004.55,22149.04,21740.33,21761.58,1739942144
29/10/2009,21290.09,21346.55,21134.33,21264.99,2279739392
30/10/2009,21720.41,21953.59,21720.41,21752.87,2177434368
2/11/2009,21194.12,21632.9,21130.9,21620.19,1722584064
3/11/2009,21598.63,21684.73,21223.42,21240.06,1458859008
4/11/2009,21396.5,21699.84,21360.66,21614.77,1403161216
5/11/2009,21405.06,21549.1,21372.99,21479.08,1261955200
6/11/2009,21866.72,21931.36,21780.57,21829.72,1524134912
9/11/2009,22004.51,22214.85,21941.62,22207.55,1662950400
10/11/2009,22556.56,22556.56,22200.24,22268.16,1699836288
11/11/2009,22534.14,22643.66,22396.04,22627.21,1321250304
12/11/2009,22660.47,22707.36,22359.09,22397.57,1415963776
13/11/2009,22381.34,22585.53,22343.99,22553.63,1424375296
16/11/2009,22789.99,22998.85,22770.69,22943.98,1663684480
17/11/2009,23000.37,23000.37,22798.02,22914.15,1263504896
18/11/2009,22974.36,23099.57,22645.74,22840.33,1646321280
19/11/2009,22894.84,22894.84,22587.18,22643.16,1302322432
20/11/2009,22486.56,22584.55,22376.36,22455.84,1444953472
23/11/2009,22541.69,22794.13,22490.34,22771.39,1136305792
24/11/2009,22697.62,22813.93,22395.38,22423.14,1780954880
25/11/2009,22505.93,22638.89,22336.07,22611.8,2905057024
26/11/2009,22580.25,22580.25,22108.26,22210.41,2298765824
27/11/2009,21623.92,21685.13,21002.49,21134.5,3974764288
30/11/2009,21687.69,21924.08,21687.69,21821.5,2028632448
1/12/2009,21813.42,22130.75,21789.41,22113.15,1442550912
2/12/2009,22402.51,22439.36,22266.69,22289.57,1617587200
3/12/2009,22503.68,22593.72,22333.67,22553.87,1437844224
4/12/2009,22400.49,22528.84,22240.86,22498.15,1417672832
7/12/2009,22387.23,22476.62,22256.11,22324.96,1120986880
8/12/2009,22306.17,22306.17,22055.02,22060.52,1317624320
9/12/2009,21905.8,22034.81,21658.27,21741.76,1563804672
10/12/2009,21939.12,21981.38,21565.58,21700.04,1620539136
11/12/2009,21796.83,22143.84,21796.83,21902.11,1537443456
14/12/2009,21638.97,22225.77,21546.53,22085.75,1895287680
15/12/2009,22032.16,22032.16,21779.92,21813.92,1767722752
16/12/2009,21840.25,21907.29,21517.59,21611.74,1781760128
17/12/2009,21665.79,21665.79,21218.9,21347.63,1787913088
18/12/2009,21162.43,21281.91,21078.2,21175.88,1872781568
21/12/2009,21110.24,21178.45,20932.77,20948.1,1201789440
22/12/2009,21151.85,21229.71,21029.28,21092.04,1273394944
23/12/2009,21115.88,21339.18,21017.02,21328.74,992743488
24/12/2009,21378.79,21591.99,21357.29,21517,688221376
28/12/2009,21622.13,21739.39,21474.11,21480.22,851751104
29/12/2009,21544.44,21608.98,21392.9,21499.44,775521088
30/12/2009,21469.33,21620.74,21320.11,21496.62,1494220160
31/12/2009,21654.25,21886.32,21587.48,21872.5,792382400
4/1/2010,21860.04,22024.83,21689.22,21823.28,1006199616
5/1/2010,22092.15,22297.04,21987.27,22279.58,1965584896
6/1/2010,22357.46,22514.79,22277.13,22416.67,2100234240
7/1/2010,22548.03,22548.03,22169.61,22269.45,1495365376
8/1/2010,22282.75,22443.22,22206.16,22296.75,1626022656
11/1/2010,22524.18,22671.92,22373.96,22411.52,1744637824
12/1/2010,22378.23,22476.12,22192.98,22326.64,2204776960
13/1/2010,21990.68,22012.04,21688.17,21748.6,3414190592
14/1/2010,21871.01,21988.93,21707.1,21716.95,2338667520
15/1/2010,21715.09,21788.85,21581.07,21654.16,2659842304
18/1/2010,21418.34,21645.68,21320.97,21460.01,1867401600
19/1/2010,21481.11,21681.69,21335.6,21677.98,1913397888
20/1/2010,21543.25,21561.56,21171.3,21286.17,2197552128
21/1/2010,21192.83,21272.26,20828.24,20862.67,2465648896
22/1/2010,20519.01,20738.99,20250.36,20726.18,3220361984
25/1/2010,20447.79,20619.7,20422.67,20598.55,1909841536
26/1/2010,20560.11,20560.11,20046.6,20109.33,2270009344
27/1/2010,20185.8,20340.82,19923.55,20033.07,1822372608
28/1/2010,20202.33,20437.56,20170.15,20356.37,1880647168
29/1/2010,20026.52,20327.69,19916.34,20121.99,1784257408
1/2/2010,19987.67,20254.24,19845.93,20243.75,1701996928
2/2/2010,20432.96,20533.96,20181.28,20272.18,1561641984
3/2/2010,20486.15,20780.5,20315.31,20722.08,1922114944
4/2/2010,20534.74,20554.2,20316.33,20341.64,1607734144
5/2/2010,19706.24,19822.93,19655.88,19665.08,2515439104
8/2/2010,19614.85,19673.11,19423.05,19550.89,1751004672
9/2/2010,19493.5,19843.87,19461.2,19790.28,1495157376
10/2/2010,19914.84,19976.66,19681.54,19922.22,1581352704
11/2/2010,20095.53,20310.79,20095.53,20290.69,1338864128
12/2/2010,20240.67,20428.32,20212.55,20268.69,1193582080
17/2/2010,20657.86,20684.22,20471.36,20534.01,1111742080
18/2/2010,20534.77,20569.61,20381.3,20422.15,720614400
19/2/2010,20261.49,20261.49,19874.55,19894.02,1329484544
22/2/2010,20407.84,20427.09,20313.15,20377.27,1067658304
23/2/2010,20218.51,20711.75,20120.1,20623,1469337344
24/2/2010,20357.42,20583.84,20351.05,20467.74,1508097536
25/2/2010,20512.38,20644.27,20261.98,20399.57,1980209536
26/2/2010,20657.83,20662.84,20567.58,20608.7,1492479488
1/3/2010,20853.08,21056.93,20853.08,21056.93,2585989888
2/3/2010,20921.44,20961.83,20847.46,20906.11,2296292096
3/3/2010,21016.29,21016.29,20845.16,20876.79,1674115328
4/3/2010,20983.81,21000.13,20575.78,20575.78,1910837632
5/3/2010,20820.97,20820.97,20654.94,20787.97,2875175936
8/3/2010,21099.71,21257.09,21080.76,21196.87,2052899712
9/3/2010,21153.62,21277.66,21128.93,21207.55,1421012608
10/3/2010,21293.52,21293.52,21156.09,21208.29,1257677184
11/3/2010,21333.06,21333.06,21059.06,21228.2,1402218752
12/3/2010,21249.8,21260.07,21116.84,21209.74,1164407296
15/3/2010,21036.42,21116.5,20964.31,21079.1,1143308928
16/3/2010,21135.79,21196.83,20986.69,21022.93,1027809664
17/3/2010,21183.6,21440.18,21159.43,21384.49,1612088192
18/3/2010,21429.69,21440.81,21287.37,21330.67,1341953024
19/3/2010,21359.55,21389,21257.8,21370.82,1347446016
22/3/2010,21120.43,21120.43,20899.69,20933.25,1572548992
23/3/2010,21070.65,21211.08,20971.56,20987.78,1253196800
24/3/2010,21203.5,21205.5,20974.05,21008.62,1282110208
25/3/2010,20799.05,20800.95,20659.28,20778.55,1456677504
26/3/2010,20679.65,21126.75,20679.65,21053.11,1863881984
29/3/2010,21148.05,21318.23,21125.91,21237.43,1394443904
30/3/2010,21230.53,21450.98,21202.17,21374.79,1749750784
31/3/2010,21366.62,21446.8,21230.29,21239.35,2159444224
1/4/2010,21390.89,21547.66,21373.16,21537,2059414272
7/4/2010,21828.35,21935.41,21747.57,21928.77,2868746752
8/4/2010,21836.42,21949.25,21813.35,21867.04,1712260480
9/4/2010,22014.73,22249.23,21963.78,22208.5,2129071744
12/4/2010,22388.77,22388.77,22131.93,22138.17,1580086912
13/4/2010,22216.11,22290.67,22008.05,22103.53,1868203008
14/4/2010,22183.05,22192.33,22061.77,22121.43,1302086272
15/4/2010,22265.36,22337.89,22113.21,22157.82,1459714688
16/4/2010,22059.3,22111.99,21788.88,21865.26,2496723968
19/4/2010,21557.78,21582.13,21283.3,21405.17,2348763392
20/4/2010,21519.26,21647.75,21507.47,21623.38,1422031872
21/4/2010,21732.76,21740.64,21475.98,21510.93,1624158080
22/4/2010,21283.93,21471.11,21206.74,21454.94,1352022656
23/4/2010,21385.16,21442.77,21232.15,21244.49,1306533632
26/4/2010,21501.21,21617.85,21489.05,21587.06,1140596992
27/4/2010,21341.48,21383.21,21224.05,21261.79,1327490688
28/4/2010,20853.83,21021.67,20853.83,20949.4,1788287104
29/4/2010,20994.37,21007.56,20763.34,20778.92,1617080704
30/4/2010,20934.07,21121.52,20920.15,21108.59,2387265536
3/5/2010,20799.79,20886.85,20773.97,20811.36,1312414208
4/5/2010,20935.9,21011.95,20743.49,20763.05,1291199744
5/5/2010,20390.12,20505.66,20293.23,20327.54,2384536320
6/5/2010,20177.47,20303.22,19888.49,20133.41,2153779968
7/5/2010,19699.5,20037.6,19699.5,19920.29,2324807168
10/5/2010,20118.95,20491.95,20035.6,20426.64,1820977664
11/5/2010,20346.54,20398.43,19977.1,20146.51,1888728960
12/5/2010,20175.74,20237.86,20003.49,20212.49,1157921536
13/5/2010,20411.55,20526.58,20273.99,20422.46,1340553472
14/5/2010,20258.45,20352.8,20130.78,20145.43,1366467200
17/5/2010,19832.03,19832.03,19593.5,19715.2,1728648064
18/5/2010,19768.8,20013.33,19672.39,19944.94,1350108928
19/5/2010,19552.16,19785.86,19546.22,19578.98,1293434368
20/5/2010,19694.47,19747.16,19276.46,19545.83,1585500032
24/5/2010,19470.28,19757.44,19470.28,19667.76,1641682560
25/5/2010,19317.24,19328.36,18974.52,18985.5,2165693440
26/5/2010,19177.34,19242.06,19047.7,19196.45,2264630016
27/5/2010,19015.89,19555.78,18971.52,19431.37,2136796800
28/5/2010,19816.39,19910.06,19710.86,19766.71,2068737664
31/5/2010,19705.53,19823.99,19629.83,19765.19,1075849216
1/6/2010,19600.57,19805.6,19463.35,19496.95,1098816384
2/6/2010,19651.55,19656.22,19372.13,19471.8,1231922560
3/6/2010,19822.89,19859.8,19744.32,19786.71,1270635008
4/6/2010,19765.25,19841.68,19658.66,19780.07,1011348672
7/6/2010,19211.67,19389.91,19211.67,19378.15,1583714816
8/6/2010,19459.74,19510.09,19333.1,19487.48,904490688
9/6/2010,19488.2,19792.28,19383.89,19621.24,1263124992
10/6/2010,19517.61,19729.15,19517.61,19632.7,962222848
11/6/2010,19995.64,19995.64,19834.23,19872.38,1146581376
14/6/2010,20102.55,20102.55,20024.04,20051.91,954758272
15/6/2010,19998.53,20142.1,19970.91,20062.15,996054720
17/6/2010,20201.81,20201.81,20078.59,20138.4,1034862976
18/6/2010,20199.22,20315.42,20138.35,20286.71,1413431552
21/6/2010,20571.4,20938.33,20571.4,20912.18,3171247104
22/6/2010,20861.47,20957.09,20796.38,20819.08,1597804032
23/6/2010,20718.66,20866.88,20689.15,20856.61,1362845056
24/6/2010,20797.44,20901.15,20710.15,20733.49,1067905472
25/6/2010,20615.92,20763.32,20563.93,20690.79,1338524416
28/6/2010,20718.08,20862.38,20687.27,20726.68,1171423616
29/6/2010,20727.45,20738.15,20190.88,20248.9,1781397248
30/6/2010,19985.72,20143.16,19971.27,20128.99,1588071808
2/7/2010,20059.56,20161.99,19803.22,19905.32,1374627072
5/7/2010,19809.06,19913.4,19793.47,19842.2,1251615872
6/7/2010,19777.83,20084.12,19777.83,20084.12,1204498560
7/7/2010,19948.15,19948.15,19800.23,19857.07,1083584000
8/7/2010,20231.15,20236.18,20002.01,20050.56,1137900032
9/7/2010,20142.78,20418.31,20116.52,20378.66,1673574656
12/7/2010,20476.02,20539.61,20368.62,20467.43,1675481344
13/7/2010,20485.11,20529.41,20378.99,20431.06,1309265536
14/7/2010,20722.22,20722.22,20512.24,20560.81,1562984192
15/7/2010,20530.29,20665.62,20226.26,20255.62,1591164032
16/7/2010,20293.61,20313.74,20173.49,20250.16,1648123392
19/7/2010,20007.88,20127.56,20007.88,20090.95,1040734400
20/7/2010,20075.72,20403.01,20075.72,20264.59,1168031232
21/7/2010,20377.6,20494.18,20334.35,20487.23,1115583232
22/7/2010,20487.49,20592.46,20384.73,20589.7,951757440
23/7/2010,20847.85,20847.85,20728.41,20815.33,1641271296
26/7/2010,20944.63,20963.08,20826.98,20839.91,1139652736
27/7/2010,20965.54,21008.78,20824.05,20973.39,1118094720
28/7/2010,20961.55,21199.55,20902.16,21091.18,1350370944
29/7/2010,21091.17,21130.74,20970.93,21093.82,1014336832
30/7/2010,21008.46,21095.9,20945.63,21029.81,947166144
2/8/2010,21221.43,21439.22,21221.43,21412.79,1646320640
3/8/2010,21610.18,21610.18,21409.81,21457.66,1419675136
4/8/2010,21567.33,21621.82,21427.51,21549.88,1243029888
5/8/2010,21577.13,21618.58,21462.23,21551.72,940912640
6/8/2010,21575.95,21722.38,21456.74,21678.8,1309182080
9/8/2010,21640.53,21805.94,21622.12,21801.59,999901632
10/8/2010,21764.23,21765.58,21446.8,21473.6,1257248256
11/8/2010,21542.27,21643.24,21239.17,21294.54,1475898368
12/8/2010,21039.42,21124.98,20926.48,21105.71,1695693312
13/8/2010,21095.17,21205.68,21012.51,21071.57,1230389248
16/8/2010,20881.95,21209.46,20881.95,21112.12,1053815616
17/8/2010,21081.31,21161.73,21015.01,21137.43,671736768
18/8/2010,21167.88,21277.12,20968.7,21022.73,1282606464
19/8/2010,21094.7,21297.62,21023.3,21072.46,1336442880
20/8/2010,20929.72,20997.39,20868.24,20981.82,1096937344
23/8/2010,20963.25,21035.01,20845.7,20889.01,857934208
24/8/2010,20759.35,20937.53,20651.27,20658.71,1243939200
25/8/2010,20603.57,20667.3,20512.78,20634.98,1224482944
26/8/2010,20603.18,20664.76,20567.33,20612.06,1026568000
27/8/2010,20563.09,20670.57,20552.55,20597.35,1212734208
30/8/2010,20797.01,20832.36,20668.81,20737.22,1056592576
31/8/2010,20539.22,20608.55,20372.29,20536.49,1329326080
1/9/2010,20570.52,20649.45,20529.87,20623.83,1114882432
2/9/2010,20864.4,20938.29,20819.61,20868.92,1272295680
3/9/2010,20918.81,21028.66,20860.89,20971.5,1340909696
6/9/2010,21155.91,21398.09,21139.79,21355.77,1599558912
7/9/2010,21419.91,21435.58,21313.26,21401.79,1163804416
8/9/2010,21213.2,21214.81,21066.69,21088.86,1956624512
9/9/2010,21169.82,21248.58,21122.73,21167.27,1086561280
10/9/2010,21310.72,21332.44,21092.81,21257.39,1125390464
13/9/2010,21396.9,21714.36,21395.57,21658.35,2035235456
14/9/2010,21760.73,21763.73,21656.45,21696.04,1515505920
15/9/2010,21819.95,21819.95,21633.07,21725.64,1104117632
16/9/2010,21694.21,21726.01,21525.71,21691.45,1482348672
17/9/2010,21744.53,21988.87,21713.67,21970.86,1889361152
20/9/2010,21918.45,22009.1,21874.42,21977.34,1215077248
21/9/2010,22118.58,22118.58,21950.69,22002.59,1279489536
22/9/2010,22077.38,22229.18,22021.6,22047.71,1308382720
24/9/2010,21972.88,22155.67,21956.76,22119.43,1297378048
27/9/2010,22351.33,22407.23,22292.54,22340.84,1522320128
28/9/2010,22329.82,22371.6,22091.13,22109.95,1534385280
29/9/2010,22314.56,22439.19,22300.09,22378.67,1945557504
30/9/2010,22287.08,22381.33,22202.43,22358.17,2329902848
4/10/2010,22542.36,22734.88,22542.36,22618.66,2591988992
5/10/2010,22532.04,22670.81,22504.05,22639.14,1820436352
6/10/2010,23006.2,23023.13,22872.42,22880.41,3266486784
7/10/2010,22996.73,22996.73,22824.05,22884.32,2175195904
8/10/2010,22861.15,23093.77,22861.15,22944.18,1559428736
11/10/2010,23169.13,23302.29,23151.62,23207.31,2067039616
12/10/2010,23161.21,23254.14,23055.61,23121.7,1655482880
13/10/2010,23329.32,23471.66,23035.57,23457.69,2514523904
14/10/2010,23685.26,23866.87,23614.4,23852.17,4144523776
15/10/2010,23733.79,23862.54,23650.3,23757.63,3594968576
18/10/2010,23693.12,23716.48,23467.45,23469.38,2263839488
19/10/2010,23551.31,23768.09,23551.31,23763.73,1616146176
20/10/2010,23423.82,23689.99,23307.49,23556.5,2639446272
21/10/2010,23736.79,23736.79,23450.83,23649.48,1713519616
22/10/2010,23647.32,23667.42,23465.76,23517.54,1259332224
25/10/2010,23551.14,23781.88,23519.16,23627.91,1441732736
26/10/2010,23727.63,23727.63,23546.33,23601.24,1401312128
27/10/2010,23543.73,23708.67,23148.18,23164.58,1882652544
28/10/2010,23290.54,23290.54,23136.97,23210.86,1333725440
29/10/2010,23177.69,23222.35,22880.68,23096.32,1905047040
1/11/2010,23366.82,23656.65,23366.82,23652.94,1709508864
2/11/2010,23608.18,23724.87,23566.88,23671.42,1622167168
3/11/2010,23802.06,24163.84,23684.99,24144.67,2699609088
4/11/2010,24377.07,24550.08,24345.93,24535.63,2315843584
5/11/2010,24905.43,24931.85,24732.9,24876.82,2815142144
8/11/2010,24838.22,24988.57,24732.52,24964.37,1811291008
9/11/2010,24858.34,24963.26,24687.3,24710.6,2258169600
10/11/2010,24672.5,24692.54,24421.03,24500.61,1945425280
11/11/2010,24598.81,24887.58,24505.15,24700.3,1795744384
12/11/2010,24404.91,24608.66,24187.27,24222.58,2093440384
15/11/2010,24371.77,24382.14,24002.65,24027.18,1668533888
16/11/2010,24009.84,24085.23,23578.87,23693.02,1923820416
17/11/2010,23432.23,23618.24,23192.49,23214.46,2171390208
18/11/2010,23437.8,23671.51,23327.29,23637.39,1718261120
19/11/2010,23625.31,23686.42,23252.33,23605.71,1903795840
22/11/2010,23499.63,23592.77,23419.41,23524.02,1649739648
23/11/2010,23290.28,23322.17,22871.11,22896.14,2174817280
24/11/2010,23107.44,23166.69,22971.21,23023.86,1464288256
25/11/2010,23110.02,23283.22,23037.86,23054.68,1278446208
26/11/2010,22995.3,23107.67,22782.98,22877.25,1134013952
29/11/2010,22832.05,23187.75,22785.28,23166.22,1211558400
30/11/2010,23122.4,23199.44,22844.53,23007.99,1711364352
1/12/2010,22973.8,23325.79,22842.12,23249.8,1622216832
2/12/2010,23554.75,23575.38,23388.74,23448.78,1727085312
3/12/2010,23555.76,23611.04,23286.54,23320.52,1638261120
6/12/2010,23507.2,23612.25,23213.71,23237.69,1448276480
7/12/2010,23177.4,23475.29,23101.81,23428.15,1395045376
8/12/2010,23362.66,23374.37,22998.34,23092.52,1469118848
9/12/2010,23167.87,23269.36,23083.16,23171.8,1359040640
10/12/2010,23091.52,23202.29,22965.9,23162.91,1351974400
13/12/2010,23362.32,23490.18,23233.4,23317.61,1108577664
14/12/2010,23451.4,23453.42,23328.01,23431.19,1005933696
15/12/2010,23371.34,23371.34,22876.88,22975.35,1731628800
16/12/2010,22949.78,22992.07,22598.96,22668.78,1490108672
17/12/2010,22660.88,22732.62,22519.61,22714.85,1426267520
20/12/2010,22708.43,22716.78,22392.67,22639.08,1175563776
21/12/2010,22711.46,23025.47,22671.61,22993.86,1262033024
22/12/2010,23039.85,23160.44,22990.69,23045.19,1191357184
23/12/2010,23139.58,23151.38,22867.93,22902.97,739929664
24/12/2010,22932.5,22948.25,22776.62,22833.8,531784224
28/12/2010,22553.15,22684.83,22529.26,22621.73,1031032448
29/12/2010,22725.38,22981.52,22663.8,22969.3,796503104
30/12/2010,22987.84,23111.27,22890.56,22999.34,979943488
31/12/2010,23079.84,23102.05,23012.5,23035.45,643109632
